"Prediction","Acer_freemanii","Acer_glabra","Acer_grandidentatum","Acer_negundo","Acer_pilosum","Acer_platanoides","Acer_saccharinum","Acer_saccharum","Acer_sieboldianum","Acer_tataricum","Acer_ukurunduense","Aesculus_hippocastanum","Aesculus_x hybride","Alnus_glutinosa","Alnus_incana","Ambrosia_artemisiifolia","Amelanchier_canadensis","Amelanchier_laevis","Betula_alleghaniensis","Betula_nigra","Betula_papyrifera","Betula_pendula","Betula_populifolia","Carpinus_betulus","Carpinus_caroliniana","Carya_cordiformis","Carya_glabra","Carya_ovata","Celtis_occidentalis","Corylus_avellana","Corylus_colurna","Corylus_cornuta","Cupressaceae_","Elaeagnus_angustifolia","Fagus_grandifolia","Fraxinus_americana","Fraxinus_nigra","Fraxinus_pennsylvannica","Ginkgo_biloba","Gleditsia_triacanthos","Juglans_cinera","Juglans_nigra","Juniperus_chinensis","Juniperus_communis","Ligustrum_vulgare","Malus_baccata","Malus_pumila","Malus_spectabilis","Ostrya_virginiana","Picea_abies","Pinus_banksiana","Pinus_nigra","Pinus_parviflora","Pinus_ponderosa","Pinus_resinosa","Pinus_thunbergii","Populus_spp","Prunus_padus","Prunus_serotina","Prunus_serrulata","Prunus_virginiana","Pyrus_calleryana ""chantecler""","Pyrus_ussuriensis","Quercus_alba","Quercus_bicolor","Quercus_macrocarpa","Quercus_palustris","Quercus_robur","Quercus_rubra","Robinia_pseudoacacia","Salix_cinerea","Salix_gracilistyla","Salix_nigra","Salix_udensis","Sorbus_intermedia","Syringa_reticulata","Syringa_villosa","Syringa_vulgaris","Syringa_x chinensis","Syringa_x prestoniae","Taxus_canadensis","Taxus_cuspidata","Taxus_x media","Tilia_americana","Tilia_cordata","Ulmus_americana","Ulmus_bergmanianna","Ulmus_glabra","Ulmus_minor","Ulmus_propinqua","Ulmus_pumila"
"Acer_freemanii",280,0,5,0,1,0,3,0,2,0,2,0,0,0,0,0,0,2,1,0,0,0,0,0,0,0,0,2,0,0,0,0,0,2,6,0,0,0,0,0,0,1,1,0,0,0,0,3,1,1,2,0,1,0,1,1,0,0,0,2,0,1,1,4,0,0,0,0,0,11,0,0,0,0,0,2,2,2,0,0,1,0,0,5,0,0,0,0,0,0,0
"Acer_glabra",0,258,0,0,0,0,0,0,0,1,0,0,2,0,0,0,1,0,0,1,0,0,0,0,0,0,0,0,1,0,0,0,0,0,0,0,0,1,0,0,0,0,5,0,0,0,0,2,0,0,0,0,0,0,0,0,0,18,9,0,0,0,0,1,0,0,0,0,1,0,0,0,0,0,0,0,1,0,0,0,1,0,0,2,0,0,0,1,0,0,0
"Acer_grandidentatum",0,0,232,0,0,0,1,10,1,0,20,0,0,0,0,0,0,1,0,0,0,0,0,0,0,0,2,10,0,0,2,0,0,1,0,1,0,1,1,3,0,0,0,0,1,0,0,0,0,3,1,0,0,0,0,0,0,0,0,2,0,0,0,1,0,0,0,0,2,0,0,0,0,0,0,1,3,0,0,0,0,0,0,0,0,0,0,1,0,0,0
"Acer_negundo",0,0,0,263,0,0,0,0,0,0,0,0,0,0,0,0,0,0,0,0,0,0,0,0,0,0,0,0,0,1,0,0,0,0,0,0,0,0,0,0,0,0,0,0,0,0,0,0,0,0,0,0,0,0,0,0,7,0,0,0,0,0,0,0,0,0,0,0,0,0,0,0,0,0,0,0,0,0,0,0,0,0,0,0,0,0,0,0,0,0,1
"Acer_pilosum",0,0,0,0,304,0,0,1,0,0,0,0,0,0,0,0,0,1,0,0,0,0,0,0,0,0,0,0,0,0,1,0,0,0,0,0,0,0,0,0,0,0,0,0,1,1,0,0,0,0,0,0,0,0,0,0,0,0,0,2,0,0,0,0,0,1,0,0,0,0,0,0,1,0,0,0,0,1,0,0,0,0,0,1,0,0,0,0,0,1,0
"Acer_platanoides",0,0,0,0,0,314,2,0,0,0,0,0,0,0,0,0,0,0,0,0,0,0,0,0,0,0,0,0,1,0,0,0,0,0,0,0,0,0,0,2,0,0,0,0,0,0,0,0,3,0,0,0,0,0,0,0,0,0,0,0,0,0,1,0,0,0,0,0,0,0,2,0,0,0,0,0,0,0,0,1,0,0,0,0,0,0,0,0,0,0,0
"Acer_saccharinum",7,0,8,0,1,1,268,1,1,1,3,0,0,0,0,0,0,0,0,0,0,0,0,0,0,0,0,14,0,0,0,1,0,0,3,0,0,0,0,4,0,0,1,0,1,0,0,0,7,0,0,0,0,0,0,0,0,0,0,3,0,2,2,0,0,1,0,0,0,0,0,0,1,0,0,2,6,1,0,4,0,0,0,0,0,0,0,7,0,0,0
"Acer_saccharum",0,0,4,0,0,0,3,276,0,0,1,0,0,0,0,0,1,0,1,0,0,0,0,0,0,0,1,7,0,0,0,0,0,3,0,0,0,0,0,1,0,0,1,0,0,1,0,0,1,1,1,0,0,0,0,0,0,0,0,1,0,1,0,0,0,0,0,1,1,0,0,0,0,0,0,0,0,1,0,7,0,0,0,0,0,0,0,1,0,1,0
"Acer_sieboldianum",1,0,0,0,1,0,0,0,249,1,11,0,0,0,0,0,0,0,0,0,0,0,0,0,0,0,0,0,0,0,0,0,0,3,1,0,0,1,0,0,0,0,0,0,0,0,0,5,0,1,0,0,2,0,0,0,0,0,0,2,0,0,1,0,0,0,1,0,9,0,0,0,0,0,4,0,0,0,0,0,0,0,0,0,0,0,0,0,0,0,0
"Acer_tataricum",0,0,0,0,0,2,2,1,5,269,4,0,0,0,0,0,5,6,0,2,3,0,0,0,0,0,0,1,1,0,0,1,0,0,2,0,0,3,1,0,0,1,0,0,0,0,0,2,3,0,0,0,1,0,0,1,0,4,1,3,0,0,5,0,0,0,1,2,3,0,0,0,1,0,0,0,1,0,0,0,0,0,0,1,1,1,0,34,1,1,0
"Acer_ukurunduense",2,0,0,0,0,0,1,0,6,2,204,0,2,0,0,0,0,0,0,0,1,0,1,0,0,0,0,0,0,0,3,0,0,2,6,4,1,12,1,0,0,0,3,0,0,0,0,3,1,3,0,0,3,0,1,0,0,2,0,0,0,0,3,6,0,0,0,0,8,1,0,0,2,0,2,0,2,0,0,0,1,0,3,0,0,0,0,1,0,0,0
"Aesculus_hippocastanum",0,0,0,0,0,0,0,0,0,0,1,277,3,0,0,0,0,0,0,2,0,0,0,0,0,0,0,0,0,0,1,0,1,0,0,1,1,9,0,0,0,0,2,0,0,0,0,0,0,0,0,0,0,0,0,0,0,0,0,0,1,0,0,2,0,1,0,0,0,0,0,0,0,1,0,0,0,0,0,0,0,4,1,0,0,0,0,0,0,0,0
"Aesculus_x hybride",0,1,0,0,0,0,0,0,0,0,0,1,256,0,0,0,0,0,0,0,0,0,0,0,0,0,0,0,1,0,0,0,0,0,0,0,0,0,0,0,0,0,5,0,0,0,0,0,0,0,0,0,0,0,0,0,0,1,2,0,3,0,0,4,0,0,0,0,0,1,0,0,0,0,0,0,0,0,0,0,0,0,0,0,0,0,0,2,0,0,0
"Alnus_glutinosa",0,0,0,0,0,0,0,0,0,0,0,0,0,311,0,0,0,0,0,0,0,5,0,0,1,0,0,0,0,0,0,0,0,0,0,1,0,0,0,0,0,0,0,0,0,0,0,0,1,0,0,0,0,0,0,0,0,0,0,0,0,0,0,0,6,0,0,2,0,0,0,0,0,0,3,0,0,0,0,0,0,0,0,0,0,0,0,0,0,0,0
"Alnus_incana",0,0,0,0,0,1,0,0,0,0,0,0,0,0,298,0,0,0,0,0,0,0,0,0,0,0,0,0,0,0,0,0,0,0,0,0,0,0,0,0,0,0,0,0,0,0,0,0,0,0,0,0,0,0,0,0,0,0,0,0,0,0,0,0,0,0,0,0,0,0,0,0,0,0,0,0,0,0,0,0,0,0,0,0,0,1,0,0,0,0,0
"Ambrosia_artemisiifolia",0,0,0,0,0,1,0,0,0,0,0,0,0,0,0,317,0,0,0,0,0,0,0,0,0,0,0,0,0,0,0,0,0,0,0,0,0,1,1,0,0,0,0,0,0,0,0,0,6,0,0,0,0,0,0,0,0,0,0,0,0,0,0,0,0,0,0,1,3,0,0,1,0,1,0,0,0,0,0,0,0,0,1,0,0,0,0,0,0,0,0
"Amelanchier_canadensis",0,0,1,0,0,0,0,0,0,0,1,0,0,0,0,0,242,3,0,0,0,0,0,1,0,1,0,2,4,0,0,0,0,0,1,0,0,1,1,0,0,0,1,0,0,0,0,0,0,0,0,0,1,0,1,0,0,0,0,1,0,1,0,1,6,0,0,2,1,0,0,0,0,0,0,0,4,1,0,0,3,0,0,0,0,0,0,0,0,0,0
"Amelanchier_laevis",0,0,4,0,0,0,0,1,1,1,0,0,0,0,0,0,7,233,0,0,0,0,0,0,0,0,0,2,1,0,0,0,0,0,0,0,0,0,0,0,0,0,0,0,0,0,0,0,4,0,0,0,0,0,1,0,0,0,0,2,0,0,4,0,0,2,0,4,0,0,0,0,1,0,0,0,0,0,0,1,0,0,0,1,0,0,0,2,0,0,0
"Betula_alleghaniensis",0,0,0,0,0,0,0,0,0,0,0,0,0,0,0,0,0,0,242,1,0,1,0,1,0,0,0,1,0,0,0,0,0,0,0,0,0,0,1,0,0,3,0,0,0,0,0,0,0,0,0,0,1,0,0,0,0,0,0,0,0,1,0,0,1,0,2,0,0,0,0,0,0,0,0,0,0,0,0,0,0,0,0,0,0,0,0,0,0,0,0
"Betula_nigra",0,0,0,0,0,0,0,0,0,0,1,0,0,0,1,0,0,0,2,238,6,0,8,0,5,0,0,1,0,0,8,1,1,1,5,0,4,2,0,0,0,0,1,0,0,0,0,1,0,0,0,3,3,0,2,0,0,0,0,0,0,0,0,2,0,0,3,0,6,1,0,0,0,0,1,0,0,0,0,0,2,4,0,0,0,0,0,1,0,0,0
"Betula_papyrifera",0,0,0,0,0,0,0,0,0,1,0,0,0,0,0,0,1,0,6,3,223,7,0,0,3,0,0,1,0,0,12,2,0,0,1,1,1,3,1,0,0,1,0,1,0,0,0,0,1,0,0,0,0,0,1,0,0,0,0,3,1,0,0,1,0,0,9,3,5,0,0,0,3,0,1,0,0,1,0,0,0,0,1,0,1,0,0,0,0,0,0
"Betula_pendula",0,0,0,0,0,0,0,0,0,0,0,0,0,6,0,0,0,0,3,0,1,238,4,0,3,0,0,0,0,0,0,0,0,0,0,4,2,1,0,0,0,1,0,0,0,0,0,0,0,0,0,0,1,0,0,0,0,0,0,0,0,0,0,0,5,0,0,2,1,0,0,0,0,0,0,0,0,2,0,0,0,0,0,0,0,0,0,0,0,0,0
"Betula_populifolia",0,0,0,0,0,1,0,0,0,0,0,1,0,0,1,1,0,0,0,9,2,3,262,0,1,0,0,0,0,0,0,1,1,0,1,0,0,1,0,0,0,0,0,0,0,0,0,0,1,0,0,0,0,0,0,0,0,0,0,0,0,0,0,9,1,0,0,2,3,0,0,1,2,0,0,0,0,0,0,3,5,2,1,0,0,0,0,0,1,0,0
"Carpinus_betulus",0,0,1,0,0,0,0,0,0,0,0,0,0,0,0,0,0,0,0,0,0,0,0,279,0,0,0,3,0,0,0,0,0,1,0,0,0,0,0,0,0,4,0,0,1,0,0,0,0,1,2,0,1,0,1,0,0,0,0,0,0,0,0,0,0,0,2,3,0,0,0,0,0,0,2,1,1,1,4,0,0,0,0,0,0,0,0,0,0,0,0
"Carpinus_caroliniana",0,0,0,0,1,0,0,0,0,0,0,0,1,0,0,0,0,0,0,3,6,6,0,0,246,0,0,1,0,0,5,7,1,0,3,0,3,0,2,3,0,0,0,0,0,0,0,0,0,0,0,0,2,0,0,0,0,0,0,0,0,0,0,0,0,0,5,3,13,0,0,0,6,0,0,0,3,0,0,5,2,0,0,0,0,0,1,0,0,0,0
"Carya_cordiformis",0,0,0,0,0,0,0,0,0,0,0,0,0,0,0,0,1,0,0,0,0,0,0,0,0,271,1,0,0,0,0,0,0,1,9,0,0,0,0,0,0,0,1,0,0,0,0,0,0,0,0,0,0,0,0,0,0,0,0,0,0,0,0,0,0,0,0,0,0,0,0,0,0,0,1,0,0,7,0,0,0,0,0,0,0,0,0,0,0,0,0
"Carya_glabra",0,0,1,0,0,0,0,0,2,0,1,0,0,0,0,0,0,0,0,0,0,0,0,0,0,0,255,10,0,0,0,0,0,5,0,0,0,0,0,0,0,0,0,0,0,0,0,0,1,1,29,0,15,0,4,0,0,0,0,0,0,0,0,0,0,0,0,0,1,0,0,0,0,0,0,0,0,0,0,1,0,0,0,1,0,0,0,0,0,0,0
"Carya_ovata",0,0,1,0,0,0,2,2,0,2,0,0,0,0,0,0,0,0,1,0,0,0,0,0,0,0,0,176,0,0,1,0,0,1,0,0,0,0,0,1,0,5,1,0,0,1,0,0,1,0,2,0,8,0,1,0,0,0,0,0,0,1,0,0,0,0,0,1,1,0,0,0,1,0,2,0,6,0,0,0,0,0,0,0,0,0,0,2,0,0,0
"Celtis_occidentalis",0,0,0,0,0,0,0,0,0,0,0,0,0,0,0,0,4,2,0,0,0,0,0,0,0,0,0,0,258,0,0,0,0,0,0,0,0,1,0,0,0,0,0,0,0,0,0,0,2,0,0,0,0,0,0,0,0,0,0,0,0,0,0,0,6,0,0,2,0,0,0,0,0,0,2,0,3,8,1,0,0,0,0,0,0,0,0,0,0,0,0
"Corylus_avellana",0,0,0,0,0,0,0,0,0,0,0,0,0,0,0,0,0,0,0,0,0,0,1,0,1,0,0,0,0,261,0,0,0,0,0,0,0,0,0,0,0,0,0,0,0,0,0,0,0,0,0,0,0,0,0,0,8,0,0,0,0,0,0,0,0,0,0,0,0,0,4,2,0,1,0,0,0,0,0,0,0,0,0,1,0,3,1,0,2,1,6
"Corylus_colurna",0,0,0,0,0,0,0,1,0,3,0,0,0,0,0,0,0,0,5,11,21,0,0,0,2,0,0,5,1,0,217,0,0,0,5,2,2,4,1,1,0,2,0,0,0,1,0,1,0,0,0,0,1,0,1,0,0,0,0,1,0,1,0,1,0,3,10,1,8,2,1,0,2,0,3,0,1,0,0,0,0,1,0,1,1,0,0,0,2,2,0
"Corylus_cornuta",0,0,0,0,0,0,0,0,0,0,0,0,0,0,0,0,0,0,0,1,3,1,3,0,1,0,0,0,0,0,2,296,0,0,1,0,0,0,0,0,0,0,0,0,0,0,0,0,0,0,0,0,0,0,0,0,0,0,0,0,1,0,0,0,0,0,0,0,1,0,0,0,0,0,0,0,0,0,0,0,0,0,0,0,0,0,0,0,0,0,0
"Cupressaceae_",0,0,0,0,0,0,0,0,0,0,0,0,0,0,0,0,0,0,0,1,0,0,2,0,1,0,0,0,0,0,0,0,301,0,0,0,4,0,0,0,0,0,2,0,0,0,0,0,1,1,0,0,0,0,3,0,0,0,0,0,0,0,0,0,0,0,0,0,23,0,0,0,1,0,0,0,0,0,0,0,0,13,1,0,0,0,0,0,0,0,0
"Elaeagnus_angustifolia",5,0,2,0,0,0,0,0,12,0,6,0,0,0,0,0,0,0,1,0,1,0,0,0,0,0,5,2,0,0,1,0,0,271,13,2,0,0,0,0,0,1,3,0,0,3,0,0,0,1,1,2,4,0,1,0,0,0,0,0,0,0,0,0,0,0,0,0,0,3,0,0,0,0,2,0,0,0,0,0,0,0,0,2,0,0,0,1,0,0,0
"Fagus_grandifolia",2,0,0,0,0,0,0,0,0,2,4,0,0,0,0,0,0,0,0,0,1,0,1,0,0,5,0,2,0,0,1,0,0,4,187,0,1,1,0,0,0,0,0,0,0,1,0,3,0,1,1,1,2,0,5,1,0,0,0,3,0,1,0,3,0,1,0,1,5,1,0,0,2,0,5,1,3,3,2,0,1,0,1,0,1,0,0,0,0,0,0
"Fraxinus_americana",0,0,0,0,1,0,0,2,0,0,0,0,0,0,0,0,0,0,0,1,0,2,0,0,1,0,0,0,1,0,1,0,0,0,1,234,1,1,1,0,0,0,1,0,0,1,0,0,0,0,0,0,0,0,0,0,0,0,0,0,0,0,1,0,0,8,12,0,1,0,0,0,0,0,3,0,3,1,0,0,0,0,0,0,0,0,0,0,0,0,0
"Fraxinus_nigra",0,2,0,0,0,0,0,0,0,0,1,4,0,0,0,0,0,0,1,7,3,1,1,0,5,0,0,0,0,0,4,3,1,0,1,0,268,3,2,0,0,0,4,0,0,0,0,1,1,0,0,0,1,0,0,0,0,1,0,1,0,0,0,9,1,0,2,4,10,1,0,0,13,2,0,0,2,0,0,0,6,4,3,0,0,0,0,0,0,0,0
"Fraxinus_pennsylvannica",0,2,0,0,0,0,1,0,0,1,2,4,3,0,0,0,0,0,0,4,2,0,0,0,0,0,0,0,0,0,6,2,0,0,1,1,2,210,0,0,0,0,3,0,0,2,0,0,3,1,0,0,0,0,0,0,0,1,1,0,3,0,0,1,0,0,2,0,0,1,0,0,0,0,0,0,6,0,0,0,0,0,1,0,0,0,0,5,0,0,0
"Ginkgo_biloba",0,2,0,0,0,0,0,0,0,3,0,0,0,0,0,2,0,0,0,0,2,0,0,0,0,0,0,1,2,0,0,0,0,0,0,3,1,2,241,1,0,0,0,0,0,0,0,0,6,0,0,0,0,0,0,0,0,1,1,0,0,0,0,2,7,0,1,4,0,0,0,0,0,0,2,0,4,1,9,0,0,0,0,0,0,0,0,0,0,0,0
"Gleditsia_triacanthos",0,0,0,0,1,0,2,0,0,0,0,0,0,0,0,0,0,0,0,0,1,0,0,0,2,0,0,6,0,0,0,0,0,0,0,0,0,0,1,234,0,3,1,0,0,0,0,0,12,0,1,0,0,0,0,0,0,0,0,0,0,0,0,0,0,0,2,12,0,0,0,0,0,0,2,1,2,1,5,2,0,0,0,0,0,0,0,0,0,0,0
"Juglans_cinera",0,0,0,0,2,0,1,0,0,0,0,0,0,0,0,0,0,0,0,0,2,0,0,0,0,0,0,4,0,0,0,0,0,2,0,0,0,0,0,3,315,1,1,0,0,0,0,0,0,0,0,0,1,0,0,0,0,0,0,0,1,0,0,0,0,0,3,1,0,0,0,0,0,0,0,0,1,0,0,1,0,0,0,0,0,0,0,0,0,0,0
"Juglans_nigra",0,0,0,0,0,0,0,0,0,0,0,0,0,0,0,0,0,0,0,1,0,0,0,2,0,0,0,28,0,0,1,0,0,0,0,1,0,0,1,1,0,245,0,0,0,0,0,1,0,3,1,0,2,0,1,0,0,1,0,1,0,1,0,0,0,1,6,2,5,0,0,0,1,0,0,0,5,2,1,0,0,0,0,0,0,0,0,0,0,0,0
"Juniperus_chinensis",0,0,0,0,0,0,0,0,1,0,0,2,1,0,0,0,1,0,0,1,1,0,0,0,0,0,0,2,0,0,1,0,3,0,0,0,0,1,0,0,0,0,218,0,0,0,0,1,0,0,0,0,0,0,0,0,0,0,0,0,0,0,0,3,0,0,0,0,0,3,0,0,1,0,0,0,1,0,0,0,4,2,9,0,0,0,0,0,0,0,0
"Juniperus_communis",0,0,0,0,0,0,0,0,0,0,0,0,0,0,0,0,0,0,0,0,0,0,0,0,0,0,0,0,0,1,1,0,0,0,3,0,0,0,0,0,0,0,0,306,0,0,0,0,0,0,0,0,0,0,0,0,0,0,0,0,0,0,0,0,0,0,0,0,0,0,0,0,0,0,0,0,0,0,0,0,0,0,0,0,0,0,0,0,0,0,0
"Ligustrum_vulgare",0,0,0,0,0,1,1,0,0,0,0,0,0,0,0,0,0,0,0,0,0,0,0,0,0,0,0,0,0,0,0,0,0,0,0,0,0,0,0,1,0,2,0,0,296,0,0,0,0,6,1,0,0,0,0,0,0,0,0,0,0,1,0,0,0,0,0,0,0,0,0,0,0,0,0,0,0,2,0,2,0,0,0,0,0,0,0,0,0,0,0
"Malus_baccata",2,0,0,0,0,0,1,0,0,0,0,0,0,0,0,0,1,1,0,0,0,0,0,0,0,0,0,0,0,0,0,0,0,0,0,2,0,1,0,0,0,0,0,0,0,265,0,0,0,0,0,0,1,0,0,0,0,0,0,1,0,13,0,0,0,1,4,0,0,0,0,0,0,0,1,0,1,0,0,0,0,0,0,1,1,0,0,0,0,0,0
"Malus_pumila",0,0,0,0,0,0,0,0,0,0,0,0,0,0,0,0,0,0,0,0,0,0,0,0,0,0,0,0,0,0,0,0,0,0,1,0,0,0,0,0,0,0,1,0,0,0,259,0,0,1,0,0,2,0,2,70,0,0,0,0,0,0,0,0,0,0,0,0,0,0,0,0,0,0,0,0,0,0,1,0,0,0,0,0,0,0,0,0,0,0,0
"Malus_spectabilis",3,0,0,0,0,0,0,0,0,1,0,0,1,0,0,0,4,0,1,0,0,0,0,0,0,0,0,1,0,0,0,0,0,2,5,0,0,0,0,0,0,0,4,0,0,0,0,256,0,0,0,0,1,0,0,0,0,10,1,2,3,1,0,0,1,0,0,0,0,0,0,0,0,0,0,0,0,0,0,0,0,0,0,1,2,0,0,3,0,0,0
"Ostrya_virginiana",0,0,0,0,0,5,1,0,0,0,1,0,0,0,0,2,0,1,0,0,1,0,0,0,8,0,0,4,0,0,0,0,0,0,0,0,1,0,3,4,0,0,0,0,0,0,0,0,212,0,0,0,0,0,1,0,0,1,0,0,0,0,0,0,3,0,0,3,2,0,0,0,6,0,1,0,0,0,0,2,1,0,0,0,0,0,0,1,0,0,0
"Picea_abies",0,0,0,0,0,0,0,0,0,0,0,0,0,0,0,0,0,0,1,0,0,0,0,0,0,0,1,0,0,0,0,0,0,2,3,0,0,0,0,0,0,0,0,0,0,0,4,0,0,239,6,0,3,0,7,1,0,0,0,0,0,0,0,0,0,0,0,0,1,1,0,0,0,0,0,1,1,0,2,0,0,0,0,0,0,0,0,0,0,0,0
"Pinus_banksiana",0,0,2,0,0,0,1,0,0,0,1,0,0,0,0,0,0,0,0,0,0,0,0,0,0,0,25,1,0,0,0,0,0,2,0,0,0,0,0,0,0,0,0,0,0,0,0,0,0,16,242,0,19,0,18,0,0,0,0,0,0,0,0,0,0,0,0,0,0,0,0,0,0,0,0,1,2,0,3,0,0,0,0,0,0,0,0,0,0,0,0
"Pinus_nigra",0,0,0,0,0,0,0,0,0,0,0,0,0,0,0,0,0,0,0,0,0,0,0,0,0,0,0,0,0,0,0,0,0,1,2,0,0,0,0,0,0,0,1,0,0,0,0,0,0,0,0,269,2,0,3,7,0,0,0,0,0,0,0,0,0,0,0,0,0,0,0,0,0,0,0,0,0,0,0,0,0,0,0,0,0,0,0,0,0,0,0
"Pinus_parviflora",0,0,0,0,0,0,1,0,1,0,1,0,0,0,0,0,0,0,0,0,0,0,0,0,0,0,1,1,0,0,0,0,0,0,0,0,0,0,0,0,0,0,0,0,0,0,0,0,0,2,3,1,211,10,13,0,0,0,0,0,0,0,0,0,0,0,1,0,1,1,0,0,1,0,0,0,0,0,0,0,0,0,0,0,0,0,0,0,0,0,0
"Pinus_ponderosa",0,0,0,0,0,0,0,0,0,0,0,0,0,0,0,0,0,0,0,0,0,0,0,0,0,0,1,0,0,0,0,0,0,0,1,0,0,0,0,0,0,0,0,0,0,0,0,0,0,2,0,0,2,253,1,0,0,0,0,0,0,0,0,0,0,0,0,0,0,0,0,0,0,0,0,0,0,0,0,0,0,0,0,0,0,0,0,0,0,0,0
"Pinus_resinosa",0,0,0,0,0,0,0,0,0,0,0,0,0,0,0,0,0,0,0,0,0,0,0,0,0,0,2,1,0,0,0,0,0,2,1,0,0,0,0,0,0,0,1,0,0,0,0,0,0,5,8,6,21,3,207,3,0,0,0,0,0,1,0,0,0,0,0,0,2,0,0,0,0,0,2,0,0,0,1,0,0,0,0,0,1,0,0,0,0,0,0
"Pinus_thunbergii",0,0,0,0,0,0,0,0,0,0,0,0,0,0,0,0,0,0,0,0,0,0,0,0,0,0,1,0,0,0,0,0,0,0,0,0,0,0,0,0,0,0,0,0,0,0,53,0,0,1,0,0,0,0,1,226,0,0,0,0,0,0,0,0,0,0,0,0,0,0,0,0,0,0,0,0,0,0,0,0,0,0,0,0,0,0,0,0,0,0,0
"Populus_spp",0,0,0,0,0,0,0,0,0,0,0,0,0,0,0,0,0,0,0,0,0,0,0,0,0,0,0,0,0,5,0,0,0,0,0,0,0,0,0,0,0,0,0,0,0,0,0,0,0,0,0,0,0,0,0,0,290,0,0,0,0,0,0,0,0,0,0,0,0,0,1,0,0,0,0,0,0,1,0,0,0,0,0,0,0,1,0,0,1,2,4
"Prunus_padus",0,5,0,0,0,0,0,0,0,3,0,0,7,0,0,0,1,0,1,1,3,0,2,0,0,0,0,0,0,0,3,0,0,1,3,0,1,1,0,0,0,0,5,0,0,0,0,6,0,0,0,0,0,0,0,0,0,216,10,0,3,0,0,0,0,1,0,1,3,1,0,0,1,0,1,0,4,0,0,0,2,0,0,1,0,0,0,2,0,0,0
"Prunus_serotina",0,5,0,0,0,0,0,0,0,3,0,0,0,0,0,0,0,0,0,0,0,0,0,0,0,0,0,0,0,0,0,0,0,0,0,0,0,0,0,0,0,0,3,0,0,0,0,1,0,0,0,0,0,0,0,0,0,18,246,0,6,0,0,0,1,1,0,0,0,0,0,0,0,0,0,0,1,0,1,0,3,0,0,0,0,0,0,0,0,0,0
"Prunus_serrulata",1,0,11,0,1,0,0,0,4,1,7,0,1,0,0,0,1,2,0,0,1,0,0,0,0,0,0,6,0,0,2,0,0,0,2,1,2,1,0,1,0,2,0,0,0,1,0,0,1,2,0,0,1,0,0,0,0,0,0,267,0,0,2,0,0,0,0,0,2,0,0,0,0,0,1,0,2,0,0,0,0,0,0,2,1,0,0,0,0,0,0
"Prunus_virginiana",2,0,0,0,0,0,0,0,0,0,0,0,0,0,0,0,1,0,0,0,0,0,0,0,0,0,0,0,0,0,0,0,0,0,0,0,0,0,0,0,0,1,0,0,0,0,0,0,0,0,0,0,0,0,0,0,0,1,0,0,265,0,0,1,0,0,0,0,0,0,0,0,0,0,5,0,0,0,0,0,0,0,0,0,0,0,0,0,0,0,0
"Pyrus_calleryana ""chantecler""",0,0,0,0,0,0,0,0,0,0,0,0,0,0,0,0,0,0,4,0,0,0,0,0,0,1,0,4,0,0,1,0,0,0,0,1,0,4,0,1,0,1,0,0,2,4,0,0,0,0,0,0,0,0,0,0,0,0,0,0,0,291,0,1,0,1,1,0,0,0,0,0,0,0,7,0,10,3,0,0,1,0,0,0,0,0,0,1,0,0,0
"Pyrus_ussuriensis",0,0,5,0,1,1,1,0,0,0,2,0,0,0,0,0,0,1,0,0,0,0,0,0,0,0,0,2,0,0,0,0,0,0,0,0,0,1,0,1,0,2,0,0,0,1,0,0,0,0,0,0,0,0,0,0,0,0,0,0,0,0,292,0,0,0,0,0,0,0,0,0,0,0,0,0,0,0,0,1,0,0,0,0,0,0,0,1,0,0,0
"Quercus_alba",0,0,0,0,0,0,0,0,0,0,6,0,0,0,0,0,0,0,0,11,1,0,7,0,3,0,0,1,0,0,4,0,0,1,4,0,2,1,1,0,0,0,5,0,0,0,0,0,2,1,0,1,1,0,3,0,0,0,1,0,0,0,0,241,0,1,0,4,2,3,0,0,1,0,0,0,0,0,0,0,7,5,11,0,0,0,0,0,0,0,0
"Quercus_bicolor",0,0,1,0,0,0,0,0,1,0,0,0,0,0,0,0,4,1,0,0,1,0,0,0,0,0,0,1,6,0,1,0,0,0,0,1,0,1,1,0,0,0,0,0,0,0,0,1,0,0,0,0,0,0,0,0,0,0,0,0,0,0,0,1,232,0,1,6,0,0,0,0,0,0,0,0,0,9,8,0,0,0,0,0,0,0,0,0,0,0,0
"Quercus_macrocarpa",0,0,0,0,0,0,0,0,0,0,0,0,0,0,0,0,0,0,0,6,0,0,0,0,0,0,0,6,0,0,2,0,0,0,2,12,1,6,0,2,0,0,1,0,0,1,0,0,0,0,0,0,0,0,0,0,0,0,2,0,0,0,0,0,0,273,2,1,1,0,0,0,0,0,2,0,4,1,0,0,0,0,0,0,0,0,0,0,0,0,0
"Quercus_palustris",0,0,0,0,0,0,0,4,1,0,0,0,0,0,0,0,0,0,0,0,5,2,0,0,11,0,0,2,0,0,9,0,0,1,3,6,1,0,0,2,0,6,1,0,0,2,0,1,1,0,0,0,1,2,0,0,0,1,0,0,0,0,0,1,1,2,210,9,14,0,0,0,1,0,1,0,0,0,0,2,0,0,0,0,0,0,0,0,1,0,0
"Quercus_robur",0,0,1,0,0,0,0,2,0,3,0,0,0,0,0,0,1,4,1,0,2,1,1,1,4,0,0,3,0,0,1,2,0,0,0,2,0,1,13,5,0,2,0,0,0,1,0,0,2,1,0,0,0,0,1,1,0,0,0,3,0,0,0,0,3,0,3,203,1,0,0,0,3,0,1,0,4,1,5,1,1,1,0,0,0,0,0,0,0,0,0
"Quercus_rubra",0,0,0,0,0,1,2,0,0,1,3,0,1,0,0,0,0,0,0,3,9,0,2,1,1,0,0,1,0,0,7,0,2,0,2,3,2,6,0,0,0,3,0,0,0,0,0,0,0,0,0,0,1,0,4,0,0,4,0,1,0,0,0,1,0,1,12,5,135,0,0,0,4,0,0,0,3,0,0,0,2,0,0,0,0,0,0,2,0,0,0
"Robinia_pseudoacacia",1,0,0,0,0,0,0,0,0,0,2,0,1,0,0,0,0,0,0,0,0,0,0,0,0,0,0,0,0,0,0,0,0,1,0,0,0,0,0,0,0,1,3,0,0,0,0,2,1,0,0,0,0,0,0,0,0,3,0,2,0,1,0,0,0,0,0,0,0,289,0,0,1,0,0,0,3,1,0,0,0,0,0,1,1,0,0,5,0,0,0
"Salix_cinerea",0,0,0,0,0,3,0,0,0,0,0,0,0,0,0,0,0,0,0,0,0,0,0,0,0,0,0,1,0,2,2,0,0,0,0,0,0,0,0,0,0,0,0,0,0,0,0,0,0,0,0,0,0,0,0,0,0,0,0,0,0,0,0,0,0,0,0,0,0,0,255,5,0,1,0,0,0,0,0,0,0,0,0,0,0,6,2,0,3,0,3
"Salix_gracilistyla",0,0,0,0,0,0,0,0,0,0,0,0,0,0,0,0,0,0,0,0,0,0,0,0,0,0,0,0,0,4,0,0,0,0,1,0,2,0,0,0,0,0,0,0,0,0,0,0,0,0,0,0,0,0,0,0,0,0,0,0,0,0,0,0,0,0,0,0,2,0,12,265,1,19,0,0,0,0,0,0,0,1,1,0,0,0,0,0,0,0,0
"Salix_nigra",0,0,0,0,0,1,0,0,2,0,3,0,0,0,0,0,0,0,0,1,1,0,0,0,0,0,0,0,0,1,0,0,1,0,0,0,19,0,2,1,0,0,4,0,0,0,0,0,7,0,0,0,0,0,0,0,0,0,0,0,0,0,0,3,0,0,0,1,6,0,0,0,240,1,0,0,0,0,0,0,4,1,3,0,0,0,0,0,0,1,0
"Salix_udensis",0,0,0,2,0,0,0,0,1,0,0,0,0,0,0,1,0,0,0,0,0,0,0,0,0,0,0,0,0,1,0,0,0,0,0,0,2,0,0,0,0,0,0,0,0,0,0,0,0,0,0,0,0,0,0,0,0,0,0,0,0,0,0,0,0,0,0,1,1,0,6,23,0,271,0,0,0,0,0,0,0,1,4,0,0,0,0,0,0,0,0
"Sorbus_intermedia",0,0,0,0,0,0,0,0,0,1,0,0,0,0,0,0,1,0,1,1,1,0,0,1,0,0,0,0,0,0,1,0,0,0,1,1,0,0,0,0,0,0,1,0,0,1,0,0,0,0,0,0,0,1,0,0,0,2,0,3,1,4,0,0,0,0,0,0,0,0,0,0,0,0,216,0,1,0,0,0,0,0,0,1,1,0,0,0,0,0,0
"Syringa_reticulata",0,0,0,0,0,0,0,0,0,0,0,0,0,0,0,0,0,0,0,0,0,0,0,1,0,0,0,0,0,0,0,0,0,1,2,0,0,0,0,0,0,0,0,0,0,0,0,0,0,0,0,0,0,0,0,0,0,0,0,0,0,0,0,0,0,0,0,0,0,0,0,0,0,0,0,280,0,8,1,0,0,0,0,0,2,0,0,0,0,0,0
"Syringa_villosa",0,0,0,0,0,0,0,0,0,1,0,0,0,0,0,0,0,5,0,1,2,0,0,1,0,0,0,0,3,0,3,0,0,0,2,0,1,0,0,2,0,1,0,0,0,0,0,0,2,1,0,0,0,0,1,0,0,0,0,0,0,0,0,0,1,1,1,2,1,0,0,0,0,0,8,0,191,7,1,0,0,0,0,0,0,0,0,2,0,0,0
"Syringa_vulgaris",0,0,1,0,0,0,0,0,0,1,0,0,0,0,0,0,1,2,0,0,0,0,0,0,0,3,0,0,2,0,0,0,0,0,11,1,0,0,0,0,0,0,2,0,0,0,0,1,0,0,0,0,0,0,1,0,0,0,0,0,0,0,1,0,8,2,0,0,0,0,0,0,0,0,0,3,8,218,1,2,0,0,0,0,3,0,0,0,0,0,0
"Syringa_x chinensis",0,0,1,0,0,0,0,0,0,0,0,0,0,0,0,0,0,0,0,0,0,0,0,0,0,0,0,0,0,0,0,0,0,0,0,1,0,0,4,0,0,0,1,0,0,0,0,0,0,0,0,0,0,0,0,0,0,2,0,0,0,0,0,0,6,0,1,9,0,0,0,0,0,0,1,1,2,15,240,1,0,0,0,0,0,0,0,0,0,0,0
"Syringa_x prestoniae",0,0,0,0,0,1,7,2,0,0,0,0,0,0,0,0,0,0,0,0,0,0,1,0,4,0,0,1,0,0,0,1,0,1,0,0,0,1,0,9,0,0,0,0,4,0,0,0,0,2,1,0,2,1,0,0,0,0,0,0,0,0,0,0,0,0,0,1,12,0,0,0,0,0,0,1,11,0,1,264,0,0,0,0,0,0,0,0,0,0,0
"Taxus_canadensis",0,0,0,0,0,0,0,0,0,0,1,0,0,0,0,0,0,0,0,2,0,1,0,0,0,0,0,0,0,0,0,0,0,0,2,0,0,0,0,0,0,0,1,0,0,0,0,0,0,0,0,0,0,0,0,0,0,0,0,0,0,0,0,5,0,0,0,0,0,0,0,0,4,0,0,0,0,0,0,0,260,6,9,0,0,0,0,0,0,0,0
"Taxus_cuspidata",0,0,0,0,0,0,0,0,0,0,2,1,0,0,0,0,0,0,0,0,0,0,0,0,0,0,0,0,0,0,0,0,0,1,5,0,1,1,0,0,0,0,3,0,0,0,0,0,0,0,0,0,1,0,2,0,0,0,0,0,0,0,0,3,0,0,0,0,3,0,0,0,0,0,0,0,0,0,0,0,6,289,28,0,0,0,0,0,0,0,0
"Taxus_x media",0,0,0,0,0,0,0,0,0,0,0,5,0,0,0,0,0,0,0,0,0,0,0,0,0,0,0,1,0,0,2,0,3,0,6,0,0,0,0,0,0,0,2,0,0,0,0,0,1,0,0,0,2,0,1,0,0,0,0,0,0,0,0,15,0,0,0,0,0,0,0,2,0,1,0,0,0,0,0,0,6,8,225,0,0,0,0,0,0,0,0
"Tilia_americana",1,0,0,0,0,0,0,0,0,5,0,0,0,0,0,0,0,0,1,0,0,0,0,0,0,0,2,0,0,0,0,0,0,0,0,0,0,0,0,2,0,1,1,0,0,0,0,2,0,0,0,0,0,0,0,0,0,0,0,0,0,0,0,0,0,0,0,0,0,0,0,0,0,0,0,0,0,3,0,0,0,0,0,259,70,0,0,0,0,0,0
"Tilia_cordata",0,0,0,0,0,0,0,0,0,1,0,0,0,0,0,0,0,0,0,0,0,0,0,0,0,0,0,0,0,0,0,0,0,0,0,0,0,0,0,0,0,1,0,0,0,0,0,0,2,0,0,0,0,0,0,0,0,0,0,0,1,2,0,0,0,0,0,0,0,2,0,0,0,0,0,1,1,0,0,0,0,0,0,20,232,0,0,1,0,0,0
"Ulmus_americana",0,0,0,0,0,0,0,0,0,0,0,0,0,0,0,0,0,0,0,0,0,0,0,0,0,0,0,0,0,1,0,0,0,0,0,0,0,0,0,0,0,0,0,0,0,0,0,0,0,0,0,0,0,0,0,0,4,0,0,0,0,0,0,0,0,0,0,0,0,0,5,1,0,0,0,0,0,0,0,0,0,0,0,0,0,242,2,0,10,7,24
"Ulmus_bergmanianna",0,0,0,1,0,0,0,0,0,0,0,0,0,0,0,0,0,0,0,0,0,0,0,0,0,0,0,0,0,1,0,0,0,0,0,0,0,0,0,0,0,0,0,0,0,0,0,0,0,0,0,0,0,0,0,0,0,0,0,0,0,0,0,0,0,0,0,0,0,0,0,0,0,0,0,0,0,0,0,0,0,0,0,0,0,2,301,0,11,2,16
"Ulmus_glabra",0,1,0,0,2,1,8,0,0,3,1,0,0,0,0,0,0,0,0,0,0,0,0,0,0,0,0,2,0,0,1,0,0,0,3,0,1,1,0,11,0,0,0,0,0,1,0,0,0,0,0,0,0,0,0,0,0,0,0,0,0,3,0,0,0,0,0,0,1,0,0,0,0,0,0,0,4,1,1,2,0,0,0,0,0,0,0,219,0,0,0
"Ulmus_minor",0,0,0,2,0,0,0,0,0,0,0,0,0,0,0,0,0,1,0,0,0,0,0,0,1,0,0,0,0,1,0,0,0,0,0,0,0,0,0,0,0,0,0,0,0,0,0,0,0,0,0,0,0,0,0,0,0,0,0,0,0,0,0,0,0,0,1,0,0,0,2,1,0,0,0,0,0,0,0,0,0,0,0,0,0,7,6,1,160,44,14
"Ulmus_propinqua",0,0,0,1,0,0,0,0,0,0,0,0,0,0,0,0,0,0,0,0,0,0,0,0,0,0,0,0,0,0,0,0,0,0,0,0,0,0,0,0,0,0,0,0,0,0,0,0,0,0,0,0,0,0,0,0,1,0,0,0,0,0,0,0,0,0,0,0,1,0,1,0,0,0,0,0,0,0,0,0,0,0,0,0,0,11,5,0,87,214,31
"Ulmus_pumila",0,0,0,1,0,0,0,0,0,0,0,0,0,0,0,0,0,0,0,0,0,0,0,0,0,0,0,0,0,2,0,0,0,0,0,0,0,0,0,0,0,0,0,0,0,0,0,0,0,0,0,0,0,0,0,0,1,0,0,0,0,0,0,0,0,0,0,0,0,0,2,0,0,0,0,0,0,0,0,0,0,0,0,0,0,30,4,0,21,37,202
